{"cameraMode":{"drawMode":0,"name":"Shaded","section":"Shading Mode"},"sceneLighting":true,"audioPlay":false,"sceneViewState":{"showFog":true,"showMaterialUpdate":false,"showSkybox":true,"showFlares":true,"showImageEffects":true,"showParticleSystems":true},"in2DMode":false,"pivot":{"x":44.255149841308597,"y":-1.452404260635376,"z":14.011880874633789},"rotation":{"x":-0.19046960771083833,"y":-0.5594615936279297,"z":0.13394606113433839,"w":-0.7955438494682312},"size":2.2124712467193605,"orthographic":false}