{"cameraMode":{"drawMode":0,"name":"Shaded","section":"Shading Mode"},"sceneLighting":false,"audioPlay":false,"sceneViewState":{"showFog":true,"showMaterialUpdate":false,"showSkybox":false,"showFlares":true,"showImageEffects":true,"showParticleSystems":true},"in2DMode":false,"pivot":{"x":-0.0000013820827007293702,"y":0.09003978222608566,"z":0.23281937837600709},"rotation":{"x":0.0068871877156198029,"y":-0.9886178970336914,"z":0.04758438095450401,"w":0.14273451268672944},"size":0.3234570622444153,"orthographic":false}