{"cameraMode":{"drawMode":0,"name":"Shaded","section":"Shading Mode"},"sceneLighting":false,"audioPlay":false,"sceneViewState":{"showFog":true,"showMaterialUpdate":false,"showSkybox":false,"showFlares":true,"showImageEffects":true,"showParticleSystems":true},"in2DMode":false,"pivot":{"x":-138.5074920654297,"y":13.51529312133789,"z":-99.55793762207031},"rotation":{"x":-0.014805398881435395,"y":-0.9852458834648132,"z":0.12339382618665695,"w":-0.11790862679481507},"size":1.113207221031189,"orthographic":false}