{"cameraMode":{"drawMode":0,"name":"Shaded","section":"Shading Mode"},"sceneLighting":false,"audioPlay":false,"sceneViewState":{"showFog":true,"showMaterialUpdate":false,"showSkybox":false,"showFlares":true,"showImageEffects":true,"showParticleSystems":true},"in2DMode":false,"pivot":{"x":1.2494664192199708,"y":-0.02445184253156185,"z":-0.4472278654575348},"rotation":{"x":-0.07760965824127197,"y":-0.9223923087120056,"z":0.26584041118621828,"w":-0.26935485005378725},"size":1.7320507764816285,"orthographic":false}